from_station,to_station,line,distance_meters
0,1,Central Line,1403.1
0,1,Harbour Line,1403.1
1,2,Central Line,1016.1
1,2,Harbour Line,1016.1
2,3,Harbour Line,954.9
2,50,Central Line,1971.4
3,4,Harbour Line,1177.2
4,5,Harbour Line,1125.3
5,6,Harbour Line,1783.9
6,7,Harbour Line,2249.8
7,8,Harbour Line,2459.2
7,21,Harbour Line,1666.7
8,9,Harbour Line,1690.6
9,10,Harbour Line,1943.1
10,11,Harbour Line,2421.0
10,12,Harbour Line,1225.2
10,43,Central Line,2569.7
10,44,Central Line,2820.0
11,12,Harbour Line,1233.6
11,13,Harbour Line,1755.7
12,13,Harbour Line,2974.7
13,14,Harbour Line,2018.1
14,15,Harbour Line,10131.2
15,16,Harbour Line,2228.8
15,16,Trans-Harbour Line,2228.8
15,18,Trans-Harbour Line,19812.3
15,20,Nerul–Uran line,13147.1
16,17,Harbour Line,2365.0
16,17,Trans-Harbour Line,2365.0
16,20,Nerul–Uran line,13069.0
18,36,Central Line,2486.9
18,37,Central Line,2688.4
19,20,Nerul–Uran line,3363.1
21,22,Harbour Line,1615.4
22,23,Harbour Line,1813.8
22,23,Western Line,1813.8
22,57,Western Line,1500.1
23,24,Harbour Line,1548.5
23,24,Western Line,1548.5
24,25,Harbour Line,1562.2
24,25,Western Line,1562.2
25,26,Harbour Line,2161.1
25,26,Western Line,2161.1
26,27,Harbour Line,2325.7
26,27,Western Line,2325.7
27,28,Harbour Line,2526.9
27,56,Western Line,1936.7
28,29,Harbour Line,1155.1
29,30,Harbour Line,1617.9
29,30,Western Line,1617.9
29,56,Western Line,1745.8
30,55,Western Line,2553.3
31,32,Vasai Road-Diva Line,9369.6
31,34,Vasai Road-Diva Line,1968.2
31,35,Central Line,2027.2
32,33,Vasai Road-Diva Line,7633.6
35,36,Central Line,3012.5
37,38,Central Line,2323.8
38,39,Central Line,1705.8
39,40,Central Line,1958.7
40,41,Central Line,2005.0
41,42,Central Line,3710.3
42,43,Central Line,1434.1
44,45,Central Line,2658.5
45,46,Central Line,1413.2
46,47,Central Line,1095.6
47,48,Central Line,1912.0
48,49,Central Line,765.0
49,50,Central Line,1234.9
51,52,Western Line,3796.2
52,53,Western Line,2382.0
53,54,Western Line,2978.8
54,55,Western Line,2060.3
57,58,Western Line,1088.3
58,59,Western Line,1572.4
59,60,Western Line,1510.1
60,61,Western Line,1675.6
61,62,Western Line,1604.3
62,63,Western Line,823.2
63,64,Western Line,1370.2
64,65,Western Line,932.7
65,66,Western Line,1259.9
